code_ROME,intitule_ROME,code_fap225
A1416,"Polyculture, élevage",A0Z40
A1403,Aide d'élevage agricole et aquacole,A0Z41
A1407,Élevage bovin ou équin,A0Z41
A1408,Élevage d'animaux sauvages ou de compagnie,A0Z41
A1409,Élevage de lapins et volailles,A0Z41
A1410,Élevage ovin ou caprin,A0Z41
A1411,Élevage porcin,A0Z41
A1201,Bûcheronnage et élagage,A0Z42
A1204,Protection du patrimoine naturel,A0Z42
A1205,Sylviculture,A0Z42
A1101,Conduite d'engins d'exploitation agricole et forestière,A0Z43
A1402,Aide agricole de production légumière ou végétale,A1Z40
A1414,Horticulture et maraîchage,A1Z40
A1202,Entretien des espaces naturels,A1Z41
A1203,Entretien des espaces verts,A1Z41
F1101,Architecture du BTP*,A1Z41
A1401,Aide agricole de production fruitière ou viticole,A1Z42
A1405,Arboriculture et viticulture,A1Z42
A1301,Conseil et assistance technique en agriculture,A2Z70
A1302,Contrôle et diagnostic technique en agriculture,A2Z70
A1303,Ingénierie en agriculture et environnement naturel,A2Z70
A1416,"Polyculture, élevage",A2Z70
A1301,Conseil et assistance technique en agriculture,A2Z90
A1302,Contrôle et diagnostic technique en agriculture,A2Z90
A1303,Ingénierie en agriculture et environnement naturel,A2Z90
A1404,Aquaculture,A3Z40
A1415,Équipage de la pêche,A3Z40
A1417,Saliculture,A3Z40
N3102,Équipage de la navigation maritime,A3Z41
N3103,Navigation fluviale,A3Z41
A1406,Encadrement équipage de la pêche,A3Z90
N3101,Encadrement de la navigation maritime,A3Z90
N3102,Équipage de la navigation maritime,A3Z90
F1401,Extraction liquide et gazeuse,B0Z20
F1402,Extraction solide,B0Z20
F1701,Construction en béton,B0Z20
F1702,Construction de routes et voies,B0Z20
F1704,Préparation du gros œuvre et des travaux publics,B0Z20
F1705,Pose de canalisations,B0Z20
I1502,Intervention en milieu subaquatique,B0Z20
F1501,Montage de structures et de charpentes bois,B0Z21
F1502,Montage de structures métalliques,B0Z21
F1503,Réalisation - installation d'ossatures bois,B0Z21
F1608,Pose de revêtements rigides,B0Z21
F1610,Pose et restauration de couvertures,B0Z21
F1611,Réalisation et restauration de façades,B0Z21
F1613,Travaux d'étanchéité et d'isolation,B0Z21
F1703,Maçonnerie,B0Z21
F1401,Extraction liquide et gazeuse,B1Z40
F1402,Extraction solide,B1Z40
F1701,Construction en béton,B1Z40
F1702,Construction de routes et voies,B1Z40
F1705,Pose de canalisations,B1Z40
I1502,Intervention en milieu subaquatique,B1Z40
F1608,Pose de revêtements rigides,B2Z40
F1611,Réalisation et restauration de façades,B2Z40
F1613,Travaux d'étanchéité et d'isolation,B2Z40
F1703,Maçonnerie,B2Z40
F1612,Taille et décoration de pierres,B2Z41
F1502,Montage de structures métalliques,B2Z42
F1501,Montage de structures et de charpentes bois,B2Z43
F1503,Réalisation - installation d'ossatures bois,B2Z43
F1610,Pose et restauration de couvertures,B2Z44
F1601,"Application et décoration en plâtre, stuc et staff",B3Z20
F1602,Électricité bâtiment,B3Z20
F1603,Installation d'équipements sanitaires et thermiques,B3Z20
F1604,Montage d'agencements,B3Z20
F1605,Montage réseaux électriques et télécoms,B3Z20
F1606,Peinture en bâtiment,B3Z20
F1607,Pose de fermetures menuisées,B3Z20
F1609,Pose de revêtements souples,B3Z20
H2206,Réalisation de menuiserie bois et tonnellerie,B3Z20
F1603,Installation d'équipements sanitaires et thermiques,B4Z41
F1604,Montage d'agencements,B4Z42
F1607,Pose de fermetures menuisées,B4Z42
H2206,Réalisation de menuiserie bois et tonnellerie,B4Z42
F1602,Électricité bâtiment,B4Z43
F1605,Montage réseaux électriques et télécoms,B4Z43
F1601,"Application et décoration en plâtre, stuc et staff",B4Z44
F1606,Peinture en bâtiment,B4Z44
F1609,Pose de revêtements souples,B4Z44
F1301,Conduite de grue,B5Z40
F1302,Conduite d'engins de terrassement et de carrière,B5Z40
N1104,Manœuvre et conduite d'engins lourds de manutention,B5Z40
F1107,Mesures topographiques,B6Z70
F1103,Contrôle et diagnostic technique du bâtiment,B6Z71
F1105,Études géologiques,B6Z71
F1106,Ingénierie et études du BTP,B6Z71
F1108,Métré de la construction,B6Z71
F1204,Sécurité et protection santé du BTP,B6Z71
F1104,Dessin BTP,B6Z72
F1201,Conduite de travaux du BTP,B6Z73
F1202,Direction de chantier du BTP,B6Z73
F1101,Architecture du BTP,B7Z90
F1102,Conception aménagement d'espaces intérieurs,B7Z90
F1103,Contrôle et diagnostic technique du bâtiment,B7Z91
F1105,Études géologiques,B7Z91
F1106,Ingénierie et études du BTP,B7Z91
F1108,Métré de la construction,B7Z91
F1201,Conduite de travaux du BTP,B7Z91
F1202,Direction de chantier du BTP,B7Z91
F1203,Direction et ingénierie d'exploitation de gisements et de carrières,B7Z91
F1204,Sécurité et protection santé du BTP,B7Z91
I1101,Direction et ingénierie en entretien infrastructure et bâti,B7Z91
H2601,Bobinage électrique,C0Z20
H2602,Câblage électrique et électromécanique,C0Z20
H2603,"Conduite d'installation automatisée de production électrique, électronique et microélectronique",C0Z20
H2604,Montage de produits électriques et électroniques,C0Z20
H2605,Montage et câblage électronique,C0Z20
H1504,Intervention technique en contrôle essai qualité en électricité et électronique,C1Z40
H2601,Bobinage électrique,C1Z40
H2602,Câblage électrique et électromécanique,C1Z40
H2603,"Conduite d'installation automatisée de production électrique, électronique et microélectronique",C1Z40
H2604,Montage de produits électriques et électroniques,C1Z40
H2605,Montage et câblage électronique,C1Z40
H1207,Rédaction technique **,C2Z70
H1209,Intervention technique en études et développement électronique,C2Z70
H1504,Intervention technique en contrôle essai qualité en électricité et électronique,C2Z70
H1202,Conception et dessin produits électriques et électroniques,C2Z71
H2501,Encadrement de production de matériel électrique et électronique,C2Z80
H2902,Chaudronnerie - tôlerie,D0Z20
H2903,Conduite d'équipement d'usinage,D0Z20
H2904,Conduite d'équipement de déformation des métaux,D0Z20
H2905,Conduite d'équipement de formage et découpage des matériaux,D0Z20
H2906,Conduite d'installation automatisée ou robotisée de fabrication mécanique,D0Z20
H2914,Réalisation et montage en tuyauterie,D0Z20
H3203,Fabrication de pièces en matériaux composites,D0Z20
H2912,Réglage d'équipement de production industrielle,D1Z40
H2903,Conduite d'équipement d'usinage,D1Z41
H2905,Conduite d'équipement de formage et découpage des matériaux,D1Z41
H2906,Conduite d'installation automatisée ou robotisée de fabrication mécanique,D1Z41
H2908,Modelage de matériaux non métalliques,D1Z41
H2910,Moulage sable,D1Z41
H3203,Fabrication de pièces en matériaux composites,D1Z41
H2902,Chaudronnerie - tôlerie,D2Z40
H2904,Conduite d'équipement de déformation des métaux,D2Z40
H2911,Réalisation de structures métalliques,D2Z40
H2914,Réalisation et montage en tuyauterie,D2Z41
H2913,Soudage manuel,D2Z42
H2901,Ajustement et montage de fabrication,D3Z20
H2909,Montage - assemblage mécanique,D3Z20
H2911,Réalisation de structures métalliques *,D3Z20
H2913,Soudage manuel *,D3Z20
H3401,Conduite de traitement d'abrasion de surface,D3Z20
H3402,Conduite de traitement par dépôt de surface,D3Z20
H3403,Conduite de traitement thermique,D3Z20
H3404,Peinture industrielle,D3Z20
I1603,"Maintenance d'engins de chantier, de levage, manutention et agricoles **",D3Z20
I1604,Mécanique automobile **,D3Z20
I1606,Réparation de carrosserie **,D3Z20
I1607,"Réparation de cycles, motocycles et motoculteurs de loisirs **",D3Z20
H1506,Intervention technique qualité en mécanique et travail des métaux,D4Z40
H2901,Ajustement et montage de fabrication,D4Z40
H2909,Montage - assemblage mécanique,D4Z40
H3401,Conduite de traitement d'abrasion de surface,D4Z41
H3402,Conduite de traitement par dépôt de surface,D4Z41
H3403,Conduite de traitement thermique,D4Z41
H3404,Peinture industrielle,D4Z41
H1506,Intervention technique qualité en mécanique et travail des métaux,D6Z70
H2908,Modelage de matériaux non métalliques,D6Z70
H2910,Moulage sable,D6Z70
H2912,Réglage d'équipement de production industrielle,D6Z70
H1203,Conception et dessin produits mécaniques,D6Z71
H2503,Pilotage d'unité élémentaire de production mécanique,D6Z80
H2912,Réglage d'équipement de production industrielle,D6Z80
H2301,Conduite d'équipement de production chimique ou pharmaceutique,E0Z20
H3201,Conduite d'équipement de formage des plastiques et caoutchoucs,E0Z20
A1412,Fabrication et affinage de fromages,E0Z21
A1413,Fermentation de boissons alcoolisées,E0Z21
H2101,Abattage et découpe des viandes,E0Z21
H2102,Conduite d'équipement de production alimentaire,E0Z21
F1706,Préfabrication en béton industriel,E0Z22
H2801,Conduite d'équipement de transformation du verre,E0Z22
H2803,Façonnage et émaillage en industrie céramique,E0Z22
H2907,Conduite d'installation de production des métaux,E0Z22
H2203,Conduite d'installation de production de panneaux bois,E0Z23
H3101,Conduite d'équipement de fabrication de papier ou de carton,E0Z23
H3102,Conduite d'installation de pâte à papier,E0Z23
H3301,Conduite d'équipement de conditionnement,E0Z24
H3302,"Opérations manuelles d'assemblage, tri ou emballage",E0Z24
H3303,"Préparation de matières et produits industriels (broyage, mélange, …)",E0Z24
H2701,Pilotage d'installation énergétique et pétrochimique,E1Z40
H2804,"Pilotage de centrale à béton prêt à l'emploi, ciment, enrobés et granulats",E1Z40
H2805,Pilotage d'installation de production verrière,E1Z40
H2301,Conduite d'équipement de production chimique ou pharmaceutique,E1Z41
H3201,Conduite d'équipement de formage des plastiques et caoutchoucs,E1Z41
H3202,Réglage d'équipement de formage des plastiques et caoutchoucs,E1Z41
A1412,Fabrication et affinage de fromages,E1Z42
A1413,Fermentation de boissons alcoolisées,E1Z42
H2102,Conduite d'équipement de production alimentaire,E1Z42
H2802,Conduite d'installation de production de matériaux de construction,E1Z43
F1706,Préfabrication en béton industriel,E1Z43
H2801,Conduite d'équipement de transformation du verre,E1Z43
H2803,Façonnage et émaillage en industrie céramique,E1Z43
H2907,Conduite d'installation de production des métaux,E1Z43
B1201,Réalisation d'objets décoratifs et utilitaires en céramique et matériaux de synthèse,E1Z43
B1602,Réalisation d'objets artistiques et fonctionnels en verre,E1Z43
H2203,Conduite d'installation de production de panneaux bois,E1Z44
H3101,Conduite d'équipement de fabrication de papier ou de carton,E1Z44
H3102,Conduite d'installation de pâte à papier,E1Z44
H1201,Expertise technique couleur en industrie,E1Z46
H1503,Intervention technique en laboratoire d'analyse industrielle,E1Z46
H3301,Conduite d'équipement de conditionnement,E1Z47
H3303,"Préparation de matières et produits industriels (broyage, mélange, …)",E1Z47
H1210,"Intervention technique en études, recherche et développement",E2Z70
H1404,Intervention technique en méthodes et industrialisation,E2Z70
H1503,Intervention technique en laboratoire d'analyse industrielle,E2Z70
H1505,Intervention technique en formulation et analyse sensorielle,E2Z70
H3202,Réglage d'équipement de formage des plastiques et caoutchoucs,E2Z70
H2504,Encadrement d'équipe en industrie de transformation,E2Z80
B1801,Réalisation d'articles de chapellerie,F0Z20
B1802,Réalisation d'articles en cuir et matériaux souples (hors vêtement),F0Z20
B1803,Réalisation de vêtements sur mesure ou en petite série,F0Z20
D1206,Réparation d'articles en cuir et matériaux souples,F0Z20
D1207,Retouches en habillement,F0Z20
H2401,"Assemblage – montage d'articles en cuirs, peaux",F0Z20
H2402,Assemblage – montage de vêtements et produits textiles,F0Z20
H2403,Conduite de machine de fabrication de produits textiles,F0Z20
H2404,Conduite de machine de production et transformation des fils,F0Z20
H2405,Conduite de machine de textiles nontissés,F0Z20
H2406,Conduite de machine de traitement textile,F0Z20
H2407,Conduite de machine de transformation et de finition des cuirs et peaux,F0Z20
H2408,Conduite de machine d'impression textile,F0Z20
H2409,"Coupe cuir, textile et matériaux souples",F0Z20
H2410,"Mise en forme, repassage et finitions en industrie textile",F0Z20
H2411,Montage de prototype cuir et matériaux souples,F0Z20
H2413,"Préparation de fils, montage de métiers textiles",F0Z20
H2414,Préparation et finition d'articles en cuir et matériaux souples,F0Z20
H2415,Contrôle en industrie du cuir et du textile,F0Z20
K2201,Blanchisserie industrielle,F0Z20
H2401,"Assemblage – montage d'articles en cuirs, peaux",F1Z40
H2402,Assemblage – montage de vêtements et produits textiles,F1Z40
H2403,Conduite de machine de fabrication de produits textiles,F1Z40
H2404,Conduite de machine de production et transformation des fils,F1Z40
H2405,Conduite de machine de textiles nontissés,F1Z40
H2406,Conduite de machine de traitement textile,F1Z40
H2407,Conduite de machine de transformation et de finition des cuirs et peaux,F1Z40
H2408,Conduite de machine d'impression textile,F1Z40
H2409,"Coupe cuir, textile et matériaux souples",F1Z40
H2410,"Mise en forme, repassage et finitions en industrie textile",F1Z40
H2411,Montage de prototype cuir et matériaux souples,F1Z40
H2412,Patronnage - gradation,F1Z40
H2413,"Préparation de fils, montage de métiers textiles",F1Z40
H2414,Préparation et finition d'articles en cuir et matériaux souples,F1Z40
H2415,Contrôle en industrie du cuir et du textile,F1Z40
K2201,Blanchisserie industrielle,F1Z40
B1801,Réalisation d'articles de chapellerie,F1Z41
B1802,Réalisation d'articles en cuir et matériaux souples (hors vêtement),F1Z41
B1803,Réalisation de vêtements sur mesure ou en petite série,F1Z41
B1804,Réalisation d'ouvrages d'art en fils *,F1Z41
D1206,Réparation d'articles en cuir et matériaux souples,F1Z41
D1207,Retouches en habillement,F1Z41
B1806,Tapisserie - décoration en ameublement,F2Z20
H2201,Assemblage d'ouvrages en bois,F2Z20
H2202,Conduite d'équipement de fabrication de l'ameublement et du bois,F2Z20
H2205,Première transformation de bois d'œuvre,F2Z20
H2207,Réalisation de meubles en bois,F2Z20
H2208,Réalisation d'ouvrages décoratifs en bois,F2Z20
B1806,Tapisserie - décoration en ameublement,F3Z40
H2207,Réalisation de meubles en bois,F3Z40
H2208,Réalisation d'ouvrages décoratifs en bois,F3Z40
H2201,Assemblage d'ouvrages en bois,F3Z41
H2202,Conduite d'équipement de fabrication de l'ameublement et du bois,F3Z41
H2205,Première transformation de bois d'œuvre,F3Z41
E1202,Production en laboratoire cinématographique,F4Z20
E1203,Production en laboratoire photographique,F4Z20
E1301,Conduite de machines d'impression,F4Z20
E1302,Conduite de machines de façonnage routage,F4Z20
E1304,Façonnage et routage,F4Z20
E1306,Prépresse,F4Z20
E1307,Reprographie,F4Z20
E1202,Production en laboratoire cinématographique,F4Z41
E1203,Production en laboratoire photographique,F4Z41
E1301,Conduite de machines d'impression,F4Z41
E1302,Conduite de machines de façonnage routage,F4Z41
E1304,Façonnage et routage,F4Z41
E1306,Prépresse,F4Z41
E1307,Reprographie,F4Z41
E1303,Encadrement des industries graphiques,F5Z70
E1305,Préparation et correction en édition et presse,F5Z70
E1308,Intervention technique en industries graphiques,F5Z70
H1205,Études – modèles en industrie des matériaux souples,F5Z70
H2204,Encadrement des industries de l'ameublement et du bois,F5Z70
H2209,Intervention technique en ameublement et bois,F5Z70
H2412,Patronnage - gradation,F5Z70
H2505,Encadrement d'équipe ou d'atelier en matériaux souples,F5Z70
B1604,Réparation - montage en systèmes horlogers,G0A40
I1310,Maintenance mécanique industrielle,G0A40
I1601,Installation et maintenance en nautisme,G0A40
I1602,Maintenance d'aéronefs,G0A40
I1605,Mécanique de marine,G0A40
I1303,Installation et maintenance de distributeurs automatiques,G0A41
I1309,Maintenance électrique,G0A41
I1402,Réparation de biens électrodomestiques,G0A42
I1203,Maintenance de bâtiments et des locaux,G0A43
I1606,Réparation de carrosserie,G0B40
I1603,"Maintenance d'engins de chantier, de levage, manutention et agricoles",G0B41
I1604,Mécanique automobile,G0B41
I1607,"Réparation de cycles, motocycles et motoculteurs de loisirs",G0B41
A1204,Protection du patrimoine naturel,G1Z70
B1604,Réparation - montage en systèmes horlogers,G1Z70
H1101,Assistance et support technique client,G1Z70
H1208,Intervention technique en études et conception en automatisme,G1Z70
H1303,Intervention technique en Hygiène Sécurité Environnement -HSE- industriel,G1Z70
I1301,Installation et maintenance d'ascenseurs,G1Z70
I1302,Installation et maintenance d'automatismes,G1Z70
I1304,Installation et maintenance d'équipements industriels et d'exploitation,G1Z70
I1305,Installation et maintenance électronique,G1Z70
I1306,"Installation et maintenance en froid, conditionnement d'air",G1Z70
I1307,Installation et maintenance télécoms et courants faibles,G1Z70
I1308,Maintenance d'installation de chauffage,G1Z70
I1309,Maintenance électrique,G1Z70
I1310,Maintenance mécanique industrielle,G1Z70
I1503,Intervention en milieux et produits nocifs,G1Z70
I1601,Installation et maintenance en nautisme,G1Z70
I1602,Maintenance d'aéronefs,G1Z70
I1603,"Maintenance d'engins de chantier, de levage, manutention et agricoles",G1Z70
I1604,Mécanique automobile,G1Z70
I1605,Mécanique de marine,G1Z70
I1607,"Réparation de cycles, motocycles et motoculteurs de loisirs",G1Z70
K2301,Distribution et assainissement d'eau,G1Z70
H1301,Inspection de conformité,G1Z71
I1103,Supervision d'entretien et gestion de véhicules,G1Z71
K2306,Supervision d'exploitation éco industrielle,G1Z71
I1203,Maintenance de bâtiments et des locaux,G1Z80
H1301,Inspection de conformité,H0Z90
H1505,Intervention technique en formulation et analyse sensorielle,H0Z90
H2502,Management et ingénierie de production,H0Z90
A1204,Protection du patrimoine naturel,H0Z91
H1302,Management et ingénierie Hygiène Sécurité Environnement -HSE- industriels,H0Z91
H1101,Assistance et support technique client,H0Z91
I1102,Management et ingénierie de maintenance industrielle,H0Z91
K2302,Management et inspection en environnement urbain,H0Z91
K2306,Supervision d'exploitation éco industrielle,H0Z91
H1401,Management et ingénierie gestion industrielle et logistique,H0Z92
H1402,Management et ingénierie méthodes et industrialisation,H0Z92
H1501,Direction de laboratoire d'analyse industrielle,H0Z92
H1502,Management et ingénierie qualité industrielle,H0Z92
N1101,Conduite d'engins de déplacement des charges,J0Z20
N1102,Déménagement,J0Z20
N1103,Magasinage et préparation de commandes,J0Z20
N1105,Manutention manuelle de charges,J0Z20
N2203,Exploitation des pistes aéroportuaires,J0Z20
N3203,Manutention portuaire,J0Z20
N1101,Conduite d'engins de déplacement des charges,J1Z40
N1102,Déménagement,J1Z40
N1103,Magasinage et préparation de commandes,J1Z40
N1105,Manutention manuelle de charges,J1Z40
N2203,Exploitation des pistes aéroportuaires,J1Z40
N3203,Manutention portuaire,J1Z40
N1103,Magasinage et préparation de commandes,J1Z80
N1302,Direction de site logistique,J1Z80
J1305,Conduite de véhicules sanitaires,J3Z40
N4102,Conduite de transport de particuliers,J3Z40
N4103,Conduite de transport en commun sur route,J3Z41
N4104,Courses et livraisons express,J3Z42
N4105,Conduite et livraison par tournées sur courte distance,J3Z42
M1603,Distribution de documents *,J3Z42
N4101,Conduite de transport de marchandises sur longue distance,J3Z43
N4301,Conduite sur rails,J3Z44
N4402,Exploitation et manœuvre des remontées mécaniques,J3Z44
N4401,Circulation du réseau ferré,J4Z40
N4403,Manœuvre du réseau ferré,J4Z40
N4302,Contrôle des transports en commun,J4Z60
H1403,Intervention technique en gestion industrielle et logistique,J4Z80
N1201,Affrètement transport,J4Z80
N1202,Gestion des opérations de circulation internationale des marchandises,J4Z80
N1301,Conception et organisation de la chaîne logistique,J4Z80
N1303,Intervention technique d'exploitation logistique,J4Z80
N2204,Préparation des vols,J4Z80
N3201,Exploitation des opérations portuaires et du transport maritime,J4Z80
N3202,Exploitation du transport fluvial,J4Z80
N4201,Direction d'exploitation des transports routiers de marchandises,J4Z80
N4202,Direction d'exploitation des transports routiers de personnes,J4Z80
N4203,Intervention technique d'exploitation des transports routiers de marchandises,J4Z80
N4204,Intervention technique d'exploitation des transports routiers de personnes,J4Z80
G1201,"Accompagnement de voyages, d'activités culturelles ou sportives",J5Z60
N2101,Navigation commerciale aérienne,J5Z60
N1201,Affrètement transport,J5Z61
N1202,Gestion des opérations de circulation internationale des marchandises,J5Z61
D1204,Location de véhicules ou de matériel de loisirs,J5Z62
G1101,Accueil touristique,J5Z62
G1303,Vente de voyages,J5Z62
N2201,Personnel d'escale aéroportuaire,J5Z62
D1204,Location de véhicules ou de matériel de loisirs,J5Z80
G1102,Promotion du tourisme local,J5Z80
G1301,Conception de produits touristiques,J5Z80
G1303,Vente de voyages,J5Z80
N1301,Conception et organisation de la chaîne logistique,J5Z80
N3201,Exploitation des opérations portuaires et du transport maritime,J5Z80
N3202,Exploitation du transport fluvial,J5Z80
N4201,Direction d'exploitation des transports routiers de marchandises,J5Z80
N4202,Direction d'exploitation des transports routiers de personnes,J5Z80
N4203,Intervention technique d'exploitation des transports routiers de marchandises,J5Z80
N4204,Intervention technique d'exploitation des transports routiers de personnes,J5Z80
N2202,Contrôle de la navigation aérienne,J6Z90
N2205,Direction d'escale et exploitation aéroportuaire,J6Z90
N3201,Exploitation des opérations portuaires et du transport maritime,J6Z90
N3202,Exploitation du transport fluvial,J6Z90
N4201,Direction d'exploitation des transports routiers de marchandises,J6Z90
N4202,Direction d'exploitation des transports routiers de personnes,J6Z90
N4203,Intervention technique d'exploitation des transports routiers de marchandises,J6Z90
N4204,Intervention technique d'exploitation des transports routiers de personnes,J6Z90
N2102,Pilotage et navigation technique aérienne,J6Z91
G1302,Optimisation de produits touristiques,J6Z92
N1301,Conception et organisation de la chaîne logistique,J6Z92
N1302,Direction de site logistique,J6Z92
A1502,Podologie animale,K0Z20
A1503,Toilettage des animaux,K0Z20
B1302,Décoration d'objets d'art et artisanaux,K0Z20
B1303,Gravure - ciselure,K0Z20
B1401,"Réalisation d'objets en lianes, fibres et brins végétaux",K0Z20
B1402,Reliure et restauration de livres et archives,K0Z20
B1501,Fabrication et réparation d'instruments de musique,K0Z20
B1601,Métallerie d'art,K0Z20
B1603,"Réalisation d'ouvrages en bijouterie, joaillerie et orfèvrerie",K0Z20
B1701,Conservation et reconstitution d'espèces animales,K0Z20
D1205,Nettoyage d'articles textiles ou cuirs,K0Z20
A1502,Podologie animale,K0Z40
A1503,Toilettage des animaux,K0Z40
B1302,Décoration d'objets d'art et artisanaux,K0Z40
B1303,Gravure - ciselure,K0Z40
B1401,"Réalisation d'objets en lianes, fibres et brins végétaux",K0Z40
B1402,Reliure et restauration de livres et archives,K0Z40
B1501,Fabrication et réparation d'instruments de musique,K0Z40
B1601,Métallerie d'art,K0Z40
B1603,"Réalisation d'ouvrages en bijouterie, joaillerie et orfèvrerie",K0Z40
B1701,Conservation et reconstitution d'espèces animales,K0Z40
D1205,Nettoyage d'articles textiles ou cuirs,K0Z40
D1401,Assistanat commercial,L0Z60
M1607,Secrétariat,L0Z60
M1608,Secrétariat comptable,L0Z60
M1609,Secrétariat et assistanat médical ou médico-social,L0Z60
M1203,Comptabilité,L1Z60
M1601,Accueil et renseignements,L2Z60
M1401,Conduite d'enquêtes,L2Z61
M1501,Assistanat en ressources humaines,L2Z61
M1602,Opérations administratives,L2Z61
M1605,Assistanat technique et administratif,L2Z61
M1606,Saisie de données,L2Z61
D1401,Assistanat commercial,L3Z80
M1604,Assistanat de direction,L3Z80
M1607,Secrétariat,L3Z80
M1608,Secrétariat comptable,L3Z80
M1609,Secrétariat et assistanat médical ou médico-social,L3Z80
M1404,Management et gestion d'enquêtes,L4Z80
M1501,Assistanat en ressources humaines,L4Z80
M1605,Assistanat technique et administratif,L4Z80
M1203,Comptabilité,L4Z81
M1201,Analyse et ingénierie financière,L5Z90
M1202,Audit et contrôle comptables et financiers,L5Z90
M1203,Comptabilité,L5Z90
M1204,Contrôle de gestion,L5Z90
M1205,Direction administrative et financière,L5Z90
M1206,Management de groupe ou de service comptable,L5Z90
M1207,Trésorerie et financement,L5Z90
M1402,Conseil en organisation et management d'entreprise,L5Z90
M1403,Études et prospectives socio-économiques,L5Z90
K1903,Défense et conseil juridique,L5Z91
K2101,Conseil en formation,L5Z92
K2102,Coordination pédagogique,L5Z92
M1502,Développement des ressources humaines,L5Z92
M1503,Management des ressources humaines,L5Z92
M1302,Direction de petite ou moyenne entreprise,L6Z00
M1301,Direction de grande entreprise ou d'établissement public,L6Z90
M1801,Administration de systèmes d'information,M0Z60
M1805,Études et développement informatique,M0Z60
M1810,Production et exploitation de systèmes d'information,M0Z60
M1805,Études et développement informatique,M1Z80
I1401,Maintenance informatique et bureautique,M1Z81
M1801,Administration de systèmes d'information,M1Z81
M1810,Production et exploitation de systèmes d'information,M1Z81
M1801,Administration de systèmes d'information,M2Z90
M1802,Conseil et maîtrise d'ouvrage en systèmes d'information,M2Z90
M1803,Direction des systèmes d'information,M2Z90
M1805,Études et développement informatique,M2Z90
M1806,Expertise et support technique en systèmes d'information,M2Z90
M1810,Production et exploitation de systèmes d'information,M2Z90
I1401,Maintenance informatique et bureautique,M2Z91
M1804,Études et développement de réseaux de télécoms,M2Z92
M1807,Exploitation de systèmes de communication et de commandement,M2Z92
H1206,"Management et ingénierie études, recherche et développement industriel",N0Z90
M1808,Information géographique,N0Z90
M1809,Information météorologique,N0Z90
K2401,Recherche en sciences de l'homme et de la société,N0Z91
K2402,"Recherche en sciences de l'univers, de la matière et du vivant",N0Z91
K1501,Application des règles financières publiques,P0Z60
K1503,Contrôle et inspection des impôts,P1Z80
K1504,Contrôle et inspection du Trésor Public,P1Z80
K1505,Protection des consommateurs et contrôle des échanges commerciaux,P1Z80
K1502,Contrôle et inspection des Affaires Sociales,P1Z81
K1401,Conception et pilotage de la politique des pouvoirs publics,P2Z90
K1403,"Management de structure de santé, sociale ou pénitentiaire",P2Z90
K1404,Mise en œuvre et pilotage de la politique des pouvoirs publics,P2Z90
K1405,Représentation de l'État sur le territoire national ou international,P2Z90
K1502,Contrôle et inspection des Affaires Sociales,P2Z90
K1503,Contrôle et inspection des impôts,P2Z90
K1504,Contrôle et inspection du Trésor Public,P2Z90
K1505,Protection des consommateurs et contrôle des échanges commerciaux,P2Z90
K1602,Gestion de patrimoine culturel,P2Z90
K1802,Développement local,P2Z90
K1901,Aide et médiation judiciaire,P3Z90
K1902,Collaboration juridique,P3Z90
K1904,Magistrature,P3Z91
K1701,Personnel de la Défense,P4Z60
K1705,Sécurité civile et secours,P4Z60
K1706,Sécurité publique,P4Z60
K1707,Surveillance municipale,P4Z61
K1702,Direction de la sécurité civile et des secours,P4Z80
K1703,Direction opérationnelle de la défense,P4Z80
K1704,Management de la sécurité publique,P4Z80
C1102,Conseil clientèle en assurances,Q0Z60
C1109,Rédaction et gestion en assurances,Q0Z60
C1201,Accueil et services bancaires,Q0Z60
C1206,Gestion de clientèle bancaire,Q0Z60
C1401,Gestion en banque et assurances,Q0Z60
C1201,Accueil et services bancaires,Q1Z80
C1202,Analyse de crédits et risques bancaires,Q1Z80
C1203,Relation clients banque/finance,Q1Z80
C1205,Conseil en gestion de patrimoine financier,Q1Z80
C1206,Gestion de clientèle bancaire,Q1Z80
C1302,Gestion back et middle-office marchés financiers,Q1Z80
C1102,Conseil clientèle en assurances,Q1Z81
C1103,Courtage en assurances,Q1Z81
C1105,Études actuarielles en assurances,Q1Z81
C1106,Expertise risques en assurance,Q1Z81
C1107,Indemnisations en assurances,Q1Z81
C1109,Rédaction et gestion en assurances,Q1Z81
C1110,Souscription d'assurances,Q1Z81
C1202,Analyse de crédits et risques bancaires,Q2Z90
C1203,Relation clients banque/finance,Q2Z90
C1204,Conception et expertise produits bancaires et financiers,Q2Z90
C1205,Conseil en gestion de patrimoine financier,Q2Z90
C1207,Management en exploitation bancaire,Q2Z90
C1301,Front office marchés financiers,Q2Z90
C1302,Gestion back et middle-office marchés financiers,Q2Z90
C1303,Gestion de portefeuilles sur les marchés financiers,Q2Z90
C1101,Conception développement produits d'assurances,Q2Z91
C1103,Courtage en assurances,Q2Z91
C1104,Direction d'exploitation en assurances,Q2Z91
C1105,Études actuarielles en assurances,Q2Z91
C1106,Expertise risques en assurance,Q2Z91
C1107,Indemnisations en assurances,Q2Z91
C1108,Management de groupe et de service en assurances,Q2Z91
D1501,Animation de vente,R0Z60
D1507,Mise en rayon libre - service,R0Z60
D1505,Personnel de caisse,R0Z61
D1105,Poissonnerie,R1Z60
D1106,Vente en alimentation,R1Z60
D1107,Vente en gros de produits frais,R1Z60
D1212,Vente en décoration et équipement du foyer,R1Z61
D1201,"Achat vente d'objets d'art, anciens ou d'occasion",R1Z62
D1209,Vente de végétaux,R1Z62
D1210,Vente en animalerie,R1Z62
D1211,Vente en articles de sport et loisirs,R1Z62
D1214,Vente en habillement et accessoires de la personne,R1Z62
D1213,Vente en gros de matériel et équipements,R1Z63
D1408,Téléconseil et télévente,R1Z67
D1407,Relation technico-commerciale,R2Z80
D1402,Relation commerciale grands comptes et entreprise,R2Z80
D1405,Conseil en information médicale,R2Z80
D1403,Relation commerciale auprès de particuliers,R2Z83
D1404,Relation commerciale en vente de véhicules **,R2Z83
D1501,Animation de vente,R2Z83
D1506,Marchandisage,R3Z80
D1502,Management/gestion de rayon produits alimentaires,R3Z80
D1503,Management/gestion de rayon produits non alimentaires,R3Z80
D1508,Encadrement du personnel de caisses,R3Z80
M1101,Achats,R3Z82
M1102,Direction des achats,R3Z82
D1406,Management en force de vente,R4Z90
M1701,Administration des ventes,R4Z90
M1702,Analyse de tendance,R4Z90
M1703,Management et gestion de produit,R4Z90
M1704,Management relation clientèle,R4Z90
M1705,Marketing,R4Z90
M1707,Stratégie commerciale,R4Z90
M1102,Direction des achats,R4Z90
D1506,Marchandisage,R4Z90
M1101,Achats,R4Z90
H1102,Management et ingénierie d'affaires,R4Z91
M1706,Promotion des ventes,R4Z91
D1407,Relation technico-commerciale,R4Z91
D1301,Management de magasin de détail,R4Z92
D1504,Direction de magasin de grande distribution,R4Z92
D1509,Management de département en grande distribution,R4Z92
C1501,Gérance immobilière,R4Z93
C1502,Gestion locative immobilière,R4Z93
C1503,Management de projet immobilier,R4Z93
C1504,Transaction immobilière,R4Z93
D1101,Boucherie,S0Z20
D1102,Boulangerie - viennoiserie,S0Z20
D1103,Charcuterie - traiteur,S0Z20
D1104,"Pâtisserie, confiserie, chocolaterie et glacerie",S0Z20
D1101,Boucherie,S0Z40
H2101,Abattage et découpe des viandes,S0Z40
D1103,Charcuterie - traiteur,S0Z41
D1102,Boulangerie - viennoiserie,S0Z42
D1104,"Pâtisserie, confiserie, chocolaterie et glacerie",S0Z42
G1603,Personnel polyvalent en restauration,S1Z20
G1604,Fabrication de crêpes ou pizzas,S1Z20
G1605,Plonge en restauration,S1Z20
G1602,Personnel de cuisine,S1Z40
G1601,Management du personnel de cuisine,S1Z80
G1501,Personnel d'étage,S2Z60
G1502,Personnel polyvalent d'hôtellerie,S2Z60
G1702,Personnel du hall,S2Z60
G1703,Réception en hôtellerie,S2Z60
G1801,"Café, bar brasserie",S2Z61
G1803,Service en restauration,S2Z61
G1802,Management du service en restauration,S2Z80
G1804,Sommellerie,S2Z80
G1503,Management du personnel d'étage,S2Z81
G1701,Conciergerie en hôtellerie,S2Z81
G1401,Assistance de direction d'hôtel - restaurant,S3Z90
G1402,Management d'hôtel - restaurant,S3Z90
G1403,Gestion de structure de loisirs ou d'hébergement touristique,S3Z90
G1404,Management d'établissement de restauration collective,S3Z90
D1202,Coiffure,T0Z60
D1203,Hydrothérapie,T0Z60
D1208,Soins esthétiques et corporels,T0Z60
K1304,Services domestiques,T1Z60
K1302,Assistance auprès d'adultes,T2A60
K1305,Intervention sociale et familiale,T2A60
K1303,Assistance auprès d'enfants,T2B60
K2501,Gardiennage de locaux,T3Z60
K2502,Management de sécurité privée,T3Z61
K2503,Sécurité et surveillance privées,T3Z61
I1501,Intervention en grande hauteur,T4Z60
K2202,Lavage de vitres,T4Z60
K2203,Management et inspection en propreté de locaux,T4Z60
K2204,Nettoyage de locaux,T4Z60
J1301,Personnel polyvalent des services hospitaliers,T4Z61
I1201,Entretien d'affichage et mobilier urbain,T4Z62
I1202,Entretien et surveillance du tracé routier,T4Z62
I1503,Intervention en milieux et produits nocifs,T4Z62
K2301,Distribution et assainissement d'eau,T4Z62
K2303,Nettoyage des espaces urbains,T4Z62
K2304,Revalorisation de produits industriels,T4Z62
K2305,Salubrité et traitement de nuisibles,T4Z62
G1205,Personnel d'attractions ou de structures de loisirs,T6Z61
G1206,Personnel technique des jeux,T6Z61
K1103,Développement personnel et bien-être de la personne,T6Z61
K2601,Conduite d'opérations funéraires,T6Z61
K2602,Conseil en services funéraires,T6Z61
K2603,Thanatopraxie,T6Z61
E1101,Animation de site multimédia,U0Z80
E1103,Communication,U0Z80
E1107,Organisation d'événementiel,U0Z80
E1401,Développement et promotion publicitaire,U0Z80
E1402,Élaboration de plan média,U0Z80
E1108,"Traduction, interprétariat",U0Z81
E1101,Animation de site multimédia,U0Z90
E1103,Communication,U0Z90
E1107,Organisation d'événementiel,U0Z90
E1401,Développement et promotion publicitaire,U0Z90
E1402,Élaboration de plan média,U0Z90
L1303,Promotion d'artistes et de spectacles *,U0Z90
K1601,Gestion de l'information et de la documentation,U0Z91
E1105,Coordination d'édition,U0Z92
E1106,Journalisme et information média,U0Z92
E1204,Projection cinéma,U1Z80
L1302,"Production et administration spectacle, cinéma et audiovisuel",U1Z80
L1304,Réalisation cinématographique et audiovisuelle,U1Z80
L1501,Coiffure et maquillage spectacle,U1Z80
L1502,Costume et Habillage spectacle,U1Z80
L1503,Décor et accessoires spectacle,U1Z80
L1504,Éclairage spectacle,U1Z80
L1505,Image cinématographique et télévisuelle,U1Z80
L1506,Machinerie spectacle,U1Z80
L1507,Montage et post-production,U1Z80
L1508,Prise de son et sonorisation,U1Z80
L1509,Régie générale,U1Z80
E1201,Photographie,U1Z81
B1301,Décoration d'espaces vente,U1Z82
B1805,Stylisme,U1Z82
E1104,Conception de contenus multimédias,U1Z82
E1205,Réalisation de contenus multimédias,U1Z82
F1102,Conception aménagement d'espaces intérieurs,U1Z82
H1204,Design industriel,U1Z82
K2105,Enseignement artistique,U1Z91
L1101,Animation musicale et scénique,U1Z91
L1102,Mannequinat et pose artistique,U1Z91
L1103,Présentation de spectacles ou d'émissions,U1Z91
L1201,Danse,U1Z91
L1202,Musique et chant,U1Z91
L1203,Art dramatique,U1Z91
L1204,Arts du cirque et arts visuels,U1Z91
L1301,Mise en scène de spectacles vivants,U1Z91
E1102,"Écriture d'ouvrages, de livres",U1Z92
B1101,Création en arts plastiques,U1Z93
A1501,Aide aux soins animaux,V0Z60
J1303,Assistance médico-technique,V0Z60
J1304,Aide en puériculture,V0Z60
J1501,"Soins d'hygiène, de confort du patient",V0Z60
K1301,Accompagnement médicosocial,V0Z60
J1502,Coordination de services médicaux ou paramédicaux,V1Z80
J1503,Soins infirmiers spécialisés en anesthésie,V1Z80
J1504,Soins infirmiers spécialisés en bloc opératoire,V1Z80
J1505,Soins infirmiers spécialisés en prévention,V1Z80
J1506,Soins infirmiers généralistes,V1Z80
J1507,Soins infirmiers spécialisés en puériculture,V1Z80
J1104,Suivi de la grossesse et de l'accouchement,V1Z81
J1101,Médecine de prévention,V2Z90
J1102,Médecine généraliste et spécialisée,V2Z90
K1402,Conseil en Santé Publique *,V2Z90
J1103,Médecine dentaire,V2Z91
A1504,Santé animale,V2Z92
J1201,Biologie médicale,V2Z93
J1202,Pharmacie,V2Z93
J1302,Analyses médicales,V3Z70
J1306,Imagerie médicale,V3Z70
J1307,Préparation en pharmacie,V3Z70
J1401,Audioprothèses,V3Z71
J1405,Optique – lunetterie,V3Z71
J1410,Prothèses dentaires,V3Z71
J1411,Prothèses et orthèses,V3Z71
J1402,Diététique,V3Z80
J1403,Ergothérapie,V3Z80
J1404,Kinésithérapie,V3Z80
J1406,Orthophonie,V3Z80
J1407,Orthoptique,V3Z80
J1408,Ostéopathie et chiropraxie,V3Z80
J1409,Pédicurie et podologie,V3Z80
J1412,Rééducation en psychomotricité,V3Z80
K1104,Psychologie,V3Z90
K1801,Conseil en emploi et insertion socioprofessionnelle,V4Z80
K2112,Orientation scolaire et professionnelle,V4Z80
K1202,Éducation de jeunes enfants,V4Z83
K1203,Encadrement technique en insertion professionnelle,V4Z83
K1204,Facilitation de la vie sociale,V4Z83
K1207,Intervention socioéducative,V4Z83
K1101,Accompagnement et médiation familiale,V4Z85
K1102,Aide aux bénéficiaires d'une mesure de protection juridique,V4Z85
K1201,Action sociale,V4Z85
K1205,Information et médiation sociale,V4Z85
G1202,Animation d'activités culturelles ou ludiques,V5Z81
G1203,Animation de loisirs auprès d'enfants ou d'adolescents,V5Z81
K1206,Intervention socioculturelle,V5Z81
G1204,Éducation en activités sportives,V5Z82
L1401,Sportif professionnel,V5Z82
K2104,Éducation et surveillance au sein d'établissements d'enseignement,V5Z84
K2106,Enseignement des écoles,W0Z80
K2107,Enseignement général du second degré,W0Z90
K2109,Enseignement technique et professionnel,W0Z90
K2103,Direction d'établissement et d'enseignement,W0Z91
K2108,Enseignement supérieur,W0Z92
K2110,Formation en conduite de véhicules,W1Z80
K2111,Formation professionnelle,W1Z80
